{
    "AnnualCrop": {
        "precision": 0.9689655172413794,
        "recall": 0.9366666666666666,
        "f1-score": 0.9525423728813559,
        "support": 300.0
    },
    "Forest": {
        "precision": 0.9831081081081081,
        "recall": 0.9797979797979798,
        "f1-score": 0.9814502529510961,
        "support": 297.0
    },
    "HerbaceousVegetation": {
        "precision": 0.9484536082474226,
        "recall": 0.9139072847682119,
        "f1-score": 0.9308600337268128,
        "support": 302.0
    },
    "Highway": {
        "precision": 0.9771863117870723,
        "recall": 0.9553903345724907,
        "f1-score": 0.9661654135338346,
        "support": 269.0
    },
    "Industrial": {
        "precision": 0.983739837398374,
        "recall": 0.9416342412451362,
        "f1-score": 0.9622266401590457,
        "support": 257.0
    },
    "Pasture": {
        "precision": 0.93,
        "recall": 0.9946524064171123,
        "f1-score": 0.9612403100775194,
        "support": 187.0
    },
    "PermanentCrop": {
        "precision": 0.908745247148289,
        "recall": 0.9409448818897638,
        "f1-score": 0.9245647969052224,
        "support": 254.0
    },
    "Residential": {
        "precision": 0.9233038348082596,
        "recall": 0.9968152866242038,
        "f1-score": 0.9586523736600306,
        "support": 314.0
    },
    "River": {
        "precision": 0.9708333333333333,
        "recall": 0.9510204081632653,
        "f1-score": 0.9608247422680413,
        "support": 245.0
    },
    "SeaLake": {
        "precision": 0.9926470588235294,
        "recall": 0.9818181818181818,
        "f1-score": 0.9872029250457038,
        "support": 275.0
    },
    "accuracy": 0.9585185185185185,
    "macro avg": {
        "precision": 0.9586982856895767,
        "recall": 0.9592647671963013,
        "f1-score": 0.9585729861208663,
        "support": 2700.0
    },
    "weighted avg": {
        "precision": 0.9593595606673868,
        "recall": 0.9585185185185185,
        "f1-score": 0.9585388955217655,
        "support": 2700.0
    }
}