{
    "accuracy": 0.9585185185185185,
    "f1_macro": 0.9585729861208663,
    "precision_macro": 0.9586982856895767,
    "recall_macro": 0.9592647671963013
}