{
    "AnnualCrop": {
        "precision": 0.9718543046357616,
        "recall": 0.9848993288590604,
        "f1-score": 0.9783333333333334,
        "support": 596.0
    },
    "Forest": {
        "precision": 0.988599348534202,
        "recall": 0.9983552631578947,
        "f1-score": 0.9934533551554828,
        "support": 608.0
    },
    "HerbaceousVegetation": {
        "precision": 0.9551724137931035,
        "recall": 0.9668411867364747,
        "f1-score": 0.9609713790112749,
        "support": 573.0
    },
    "Highway": {
        "precision": 0.9624505928853755,
        "recall": 0.9818548387096774,
        "f1-score": 0.9720558882235529,
        "support": 496.0
    },
    "Industrial": {
        "precision": 0.9878048780487805,
        "recall": 0.9700598802395209,
        "f1-score": 0.9788519637462235,
        "support": 501.0
    },
    "Pasture": {
        "precision": 0.9770992366412213,
        "recall": 0.9696969696969697,
        "f1-score": 0.973384030418251,
        "support": 396.0
    },
    "PermanentCrop": {
        "precision": 0.9732313575525813,
        "recall": 0.9460966542750929,
        "f1-score": 0.9594721960414703,
        "support": 538.0
    },
    "Residential": {
        "precision": 0.9874326750448833,
        "recall": 0.9927797833935018,
        "f1-score": 0.9900990099009901,
        "support": 554.0
    },
    "River": {
        "precision": 0.9846743295019157,
        "recall": 0.9716446124763705,
        "f1-score": 0.978116079923882,
        "support": 529.0
    },
    "SeaLake": {
        "precision": 0.9950738916256158,
        "recall": 0.9950738916256158,
        "f1-score": 0.9950738916256158,
        "support": 609.0
    },
    "accuracy": 0.9785185185185186,
    "macro avg": {
        "precision": 0.978339302826344,
        "recall": 0.9777302409170179,
        "f1-score": 0.9779811127380077,
        "support": 5400.0
    },
    "weighted avg": {
        "precision": 0.9785802390561729,
        "recall": 0.9785185185185186,
        "f1-score": 0.9784966363798557,
        "support": 5400.0
    }
}