{
    "accuracy": 0.9785185185185186,
    "f1_macro": 0.9779811127380077,
    "precision_macro": 0.978339302826344,
    "recall_macro": 0.9777302409170179
}