{
    "accuracy": 0.9605555555555556,
    "f1_macro": 0.9599213799907901,
    "precision_macro": 0.9609492311371385,
    "recall_macro": 0.9591999317543063
}