{
    "AnnualCrop": {
        "precision": 0.9347079037800687,
        "recall": 0.9066666666666666,
        "f1-score": 0.9204737732656514,
        "support": 300.0
    },
    "Forest": {
        "precision": 0.9595959595959596,
        "recall": 0.9595959595959596,
        "f1-score": 0.9595959595959596,
        "support": 297.0
    },
    "HerbaceousVegetation": {
        "precision": 0.911660777385159,
        "recall": 0.8543046357615894,
        "f1-score": 0.882051282051282,
        "support": 302.0
    },
    "Highway": {
        "precision": 0.9,
        "recall": 0.7695167286245354,
        "f1-score": 0.8296593186372746,
        "support": 269.0
    },
    "Industrial": {
        "precision": 0.9156626506024096,
        "recall": 0.8871595330739299,
        "f1-score": 0.9011857707509882,
        "support": 257.0
    },
    "Pasture": {
        "precision": 0.8917525773195877,
        "recall": 0.9251336898395722,
        "f1-score": 0.9081364829396326,
        "support": 187.0
    },
    "PermanentCrop": {
        "precision": 0.8538461538461538,
        "recall": 0.8740157480314961,
        "f1-score": 0.8638132295719845,
        "support": 254.0
    },
    "Residential": {
        "precision": 0.8405405405405405,
        "recall": 0.9904458598726115,
        "f1-score": 0.9093567251461988,
        "support": 314.0
    },
    "River": {
        "precision": 0.8373015873015873,
        "recall": 0.8612244897959184,
        "f1-score": 0.8490945674044266,
        "support": 245.0
    },
    "SeaLake": {
        "precision": 0.9744525547445255,
        "recall": 0.9709090909090909,
        "f1-score": 0.9726775956284153,
        "support": 275.0
    },
    "accuracy": 0.9014814814814814,
    "macro avg": {
        "precision": 0.9019520705115992,
        "recall": 0.8998972402171368,
        "f1-score": 0.8996044704991814,
        "support": 2700.0
    },
    "weighted avg": {
        "precision": 0.9032729456734099,
        "recall": 0.9014814814814814,
        "f1-score": 0.9009582670683016,
        "support": 2700.0
    }
}