{
    "accuracy": 0.9014814814814814,
    "f1_macro": 0.8996044704991814,
    "precision_macro": 0.9019520705115992,
    "recall_macro": 0.8998972402171368
}