{
    "AnnualCrop": {
        "precision": 0.9623287671232876,
        "recall": 0.9366666666666666,
        "f1-score": 0.9493243243243243,
        "support": 300.0
    },
    "Forest": {
        "precision": 0.9638157894736842,
        "recall": 0.9865319865319865,
        "f1-score": 0.9750415973377704,
        "support": 297.0
    },
    "HerbaceousVegetation": {
        "precision": 0.9616724738675958,
        "recall": 0.9139072847682119,
        "f1-score": 0.9371816638370118,
        "support": 302.0
    },
    "Highway": {
        "precision": 0.9700374531835206,
        "recall": 0.9628252788104089,
        "f1-score": 0.9664179104477612,
        "support": 269.0
    },
    "Industrial": {
        "precision": 0.9832635983263598,
        "recall": 0.914396887159533,
        "f1-score": 0.9475806451612904,
        "support": 257.0
    },
    "Pasture": {
        "precision": 0.9387755102040817,
        "recall": 0.983957219251337,
        "f1-score": 0.9608355091383812,
        "support": 187.0
    },
    "PermanentCrop": {
        "precision": 0.9263565891472868,
        "recall": 0.9409448818897638,
        "f1-score": 0.93359375,
        "support": 254.0
    },
    "Residential": {
        "precision": 0.9178885630498533,
        "recall": 0.9968152866242038,
        "f1-score": 0.9557251908396946,
        "support": 314.0
    },
    "River": {
        "precision": 0.9549180327868853,
        "recall": 0.9510204081632653,
        "f1-score": 0.9529652351738241,
        "support": 245.0
    },
    "SeaLake": {
        "precision": 0.9926470588235294,
        "recall": 0.9818181818181818,
        "f1-score": 0.9872029250457038,
        "support": 275.0
    },
    "accuracy": 0.9566666666666667,
    "macro avg": {
        "precision": 0.9571703835986083,
        "recall": 0.9568884081683559,
        "f1-score": 0.956586875130576,
        "support": 2700.0
    },
    "weighted avg": {
        "precision": 0.9574115883160783,
        "recall": 0.9566666666666667,
        "f1-score": 0.9565822990888849,
        "support": 2700.0
    }
}