{
    "accuracy": 0.9566666666666667,
    "f1_macro": 0.956586875130576,
    "precision_macro": 0.9571703835986083,
    "recall_macro": 0.9568884081683559
}