{
    "AnnualCrop": {
        "precision": 0.9651162790697675,
        "recall": 0.9748322147651006,
        "f1-score": 0.9699499165275459,
        "support": 596.0
    },
    "Forest": {
        "precision": 0.9837925445705025,
        "recall": 0.9983552631578947,
        "f1-score": 0.9910204081632653,
        "support": 608.0
    },
    "HerbaceousVegetation": {
        "precision": 0.948892674616695,
        "recall": 0.9720767888307156,
        "f1-score": 0.9603448275862069,
        "support": 573.0
    },
    "Highway": {
        "precision": 0.9719438877755511,
        "recall": 0.9778225806451613,
        "f1-score": 0.9748743718592965,
        "support": 496.0
    },
    "Industrial": {
        "precision": 0.98989898989899,
        "recall": 0.9780439121756487,
        "f1-score": 0.9839357429718876,
        "support": 501.0
    },
    "Pasture": {
        "precision": 0.9794344473007712,
        "recall": 0.9621212121212122,
        "f1-score": 0.9707006369426752,
        "support": 396.0
    },
    "PermanentCrop": {
        "precision": 0.9589552238805971,
        "recall": 0.9553903345724907,
        "f1-score": 0.957169459962756,
        "support": 538.0
    },
    "Residential": {
        "precision": 0.9892280071813285,
        "recall": 0.9945848375451264,
        "f1-score": 0.991899189918992,
        "support": 554.0
    },
    "River": {
        "precision": 0.9804305283757339,
        "recall": 0.947069943289225,
        "f1-score": 0.9634615384615385,
        "support": 529.0
    },
    "SeaLake": {
        "precision": 0.9934102141680395,
        "recall": 0.9901477832512315,
        "f1-score": 0.9917763157894737,
        "support": 609.0
    },
    "accuracy": 0.975925925925926,
    "macro avg": {
        "precision": 0.9761102796837976,
        "recall": 0.9750444870353807,
        "f1-score": 0.9755132408183638,
        "support": 5400.0
    },
    "weighted avg": {
        "precision": 0.9760250132874633,
        "recall": 0.975925925925926,
        "f1-score": 0.9759124709922283,
        "support": 5400.0
    }
}