{
    "accuracy": 0.975925925925926,
    "f1_macro": 0.9755132408183638,
    "precision_macro": 0.9761102796837976,
    "recall_macro": 0.9750444870353807
}