{
    "accuracy": 0.9862962962962963,
    "f1_macro": 0.9859677888826438,
    "precision_macro": 0.9859455057537237,
    "recall_macro": 0.9861096808095968
}