{
    "AnnualCrop": {
        "precision": 0.9769357495881383,
        "recall": 0.9949664429530202,
        "f1-score": 0.9858686616791354,
        "support": 596.0
    },
    "Forest": {
        "precision": 0.9934426229508196,
        "recall": 0.9967105263157895,
        "f1-score": 0.9950738916256158,
        "support": 608.0
    },
    "HerbaceousVegetation": {
        "precision": 0.9608177172061328,
        "recall": 0.9842931937172775,
        "f1-score": 0.9724137931034482,
        "support": 573.0
    },
    "Highway": {
        "precision": 0.9778672032193159,
        "recall": 0.9798387096774194,
        "f1-score": 0.9788519637462235,
        "support": 496.0
    },
    "Industrial": {
        "precision": 0.9939024390243902,
        "recall": 0.9760479041916168,
        "f1-score": 0.9848942598187311,
        "support": 501.0
    },
    "Pasture": {
        "precision": 0.9896103896103896,
        "recall": 0.9621212121212122,
        "f1-score": 0.9756722151088348,
        "support": 396.0
    },
    "PermanentCrop": {
        "precision": 0.9792060491493384,
        "recall": 0.9628252788104089,
        "f1-score": 0.9709465791940018,
        "support": 538.0
    },
    "Residential": {
        "precision": 0.985663082437276,
        "recall": 0.9927797833935018,
        "f1-score": 0.9892086330935251,
        "support": 554.0
    },
    "River": {
        "precision": 0.9923809523809524,
        "recall": 0.9848771266540642,
        "f1-score": 0.9886148007590133,
        "support": 529.0
    },
    "SeaLake": {
        "precision": 0.9967213114754099,
        "recall": 0.9983579638752053,
        "f1-score": 0.9975389663658737,
        "support": 609.0
    },
    "accuracy": 0.9844444444444445,
    "macro avg": {
        "precision": 0.9846547517042163,
        "recall": 0.9832818141709516,
        "f1-score": 0.9839083764494403,
        "support": 5400.0
    },
    "weighted avg": {
        "precision": 0.9845391383540928,
        "recall": 0.9844444444444445,
        "f1-score": 0.984435898101175,
        "support": 5400.0
    }
}