{
    "accuracy": 0.9844444444444445,
    "f1_macro": 0.9839083764494403,
    "precision_macro": 0.9846547517042163,
    "recall_macro": 0.9832818141709516
}