{
    "AnnualCrop": {
        "precision": 0.9442508710801394,
        "recall": 0.9033333333333333,
        "f1-score": 0.9233390119250426,
        "support": 300.0
    },
    "Forest": {
        "precision": 0.9570957095709571,
        "recall": 0.9764309764309764,
        "f1-score": 0.9666666666666667,
        "support": 297.0
    },
    "HerbaceousVegetation": {
        "precision": 0.9192982456140351,
        "recall": 0.8675496688741722,
        "f1-score": 0.8926746166950597,
        "support": 302.0
    },
    "Highway": {
        "precision": 0.9300411522633745,
        "recall": 0.8401486988847584,
        "f1-score": 0.8828125,
        "support": 269.0
    },
    "Industrial": {
        "precision": 0.9535864978902954,
        "recall": 0.8793774319066148,
        "f1-score": 0.9149797570850202,
        "support": 257.0
    },
    "Pasture": {
        "precision": 0.875,
        "recall": 0.9358288770053476,
        "f1-score": 0.9043927648578811,
        "support": 187.0
    },
    "PermanentCrop": {
        "precision": 0.8773946360153256,
        "recall": 0.9015748031496063,
        "f1-score": 0.8893203883495145,
        "support": 254.0
    },
    "Residential": {
        "precision": 0.8324468085106383,
        "recall": 0.9968152866242038,
        "f1-score": 0.9072463768115943,
        "support": 314.0
    },
    "River": {
        "precision": 0.8818565400843882,
        "recall": 0.8530612244897959,
        "f1-score": 0.8672199170124482,
        "support": 245.0
    },
    "SeaLake": {
        "precision": 0.988929889298893,
        "recall": 0.9745454545454545,
        "f1-score": 0.9816849816849816,
        "support": 275.0
    },
    "accuracy": 0.9144444444444444,
    "macro avg": {
        "precision": 0.9159900350328046,
        "recall": 0.9128665755244263,
        "f1-score": 0.913033698108821,
        "support": 2700.0
    },
    "weighted avg": {
        "precision": 0.9171465423914119,
        "recall": 0.9144444444444444,
        "f1-score": 0.9143082353739748,
        "support": 2700.0
    }
}