{
    "accuracy": 0.9144444444444444,
    "f1_macro": 0.913033698108821,
    "precision_macro": 0.9159900350328046,
    "recall_macro": 0.9128665755244263
}