{
    "accuracy": 0.9225925925925926,
    "f1_macro": 0.9212357189610858,
    "precision_macro": 0.9224741248026718,
    "recall_macro": 0.9213574205538452
}