{
    "AnnualCrop": {
        "precision": 0.9658703071672355,
        "recall": 0.9433333333333334,
        "f1-score": 0.954468802698145,
        "support": 300.0
    },
    "Forest": {
        "precision": 0.9898305084745763,
        "recall": 0.9831649831649831,
        "f1-score": 0.9864864864864865,
        "support": 297.0
    },
    "HerbaceousVegetation": {
        "precision": 0.9659863945578231,
        "recall": 0.9403973509933775,
        "f1-score": 0.9530201342281879,
        "support": 302.0
    },
    "Highway": {
        "precision": 0.9773584905660377,
        "recall": 0.9628252788104089,
        "f1-score": 0.9700374531835206,
        "support": 269.0
    },
    "Industrial": {
        "precision": 0.9959183673469387,
        "recall": 0.9494163424124513,
        "f1-score": 0.9721115537848606,
        "support": 257.0
    },
    "Pasture": {
        "precision": 0.9481865284974094,
        "recall": 0.9786096256684492,
        "f1-score": 0.9631578947368421,
        "support": 187.0
    },
    "PermanentCrop": {
        "precision": 0.9138576779026217,
        "recall": 0.9606299212598425,
        "f1-score": 0.9366602687140115,
        "support": 254.0
    },
    "Residential": {
        "precision": 0.937125748502994,
        "recall": 0.9968152866242038,
        "f1-score": 0.9660493827160493,
        "support": 314.0
    },
    "River": {
        "precision": 0.9629629629629629,
        "recall": 0.9551020408163265,
        "f1-score": 0.9590163934426229,
        "support": 245.0
    },
    "SeaLake": {
        "precision": 0.992619926199262,
        "recall": 0.9781818181818182,
        "f1-score": 0.9853479853479854,
        "support": 275.0
    },
    "accuracy": 0.9648148148148148,
    "macro avg": {
        "precision": 0.9649716912177861,
        "recall": 0.9648475981265194,
        "f1-score": 0.9646356355338712,
        "support": 2700.0
    },
    "weighted avg": {
        "precision": 0.9655236001373906,
        "recall": 0.9648148148148148,
        "f1-score": 0.964890150062239,
        "support": 2700.0
    }
}