{
    "accuracy": 0.9648148148148148,
    "f1_macro": 0.9646356355338712,
    "precision_macro": 0.9649716912177861,
    "recall_macro": 0.9648475981265194
}