{
    "AnnualCrop": {
        "precision": 0.9656357388316151,
        "recall": 0.9366666666666666,
        "f1-score": 0.9509306260575296,
        "support": 300.0
    },
    "Forest": {
        "precision": 0.979933110367893,
        "recall": 0.9865319865319865,
        "f1-score": 0.9832214765100671,
        "support": 297.0
    },
    "HerbaceousVegetation": {
        "precision": 0.9662162162162162,
        "recall": 0.9470198675496688,
        "f1-score": 0.9565217391304348,
        "support": 302.0
    },
    "Highway": {
        "precision": 0.9734848484848485,
        "recall": 0.9553903345724907,
        "f1-score": 0.9643527204502814,
        "support": 269.0
    },
    "Industrial": {
        "precision": 0.9878048780487805,
        "recall": 0.9455252918287937,
        "f1-score": 0.9662027833001988,
        "support": 257.0
    },
    "Pasture": {
        "precision": 0.9435897435897436,
        "recall": 0.983957219251337,
        "f1-score": 0.9633507853403142,
        "support": 187.0
    },
    "PermanentCrop": {
        "precision": 0.9125475285171103,
        "recall": 0.9448818897637795,
        "f1-score": 0.9284332688588007,
        "support": 254.0
    },
    "Residential": {
        "precision": 0.9512195121951219,
        "recall": 0.9936305732484076,
        "f1-score": 0.9719626168224299,
        "support": 314.0
    },
    "River": {
        "precision": 0.963265306122449,
        "recall": 0.963265306122449,
        "f1-score": 0.963265306122449,
        "support": 245.0
    },
    "SeaLake": {
        "precision": 0.9926739926739927,
        "recall": 0.9854545454545455,
        "f1-score": 0.9890510948905109,
        "support": 275.0
    },
    "accuracy": 0.9640740740740741,
    "macro avg": {
        "precision": 0.9636370875047771,
        "recall": 0.9642323680990126,
        "f1-score": 0.9637292417483015,
        "support": 2700.0
    },
    "weighted avg": {
        "precision": 0.964506688791204,
        "recall": 0.9640740740740741,
        "f1-score": 0.9640905513308609,
        "support": 2700.0
    }
}