{
    "accuracy": 0.9640740740740741,
    "f1_macro": 0.9637292417483015,
    "precision_macro": 0.9636370875047771,
    "recall_macro": 0.9642323680990126
}