{
    "AnnualCrop": {
        "precision": 0.967266775777414,
        "recall": 0.9916107382550335,
        "f1-score": 0.9792874896437448,
        "support": 596.0
    },
    "Forest": {
        "precision": 0.988562091503268,
        "recall": 0.9950657894736842,
        "f1-score": 0.9918032786885246,
        "support": 608.0
    },
    "HerbaceousVegetation": {
        "precision": 0.9604130808950087,
        "recall": 0.9738219895287958,
        "f1-score": 0.9670710571923743,
        "support": 573.0
    },
    "Highway": {
        "precision": 0.9780876494023905,
        "recall": 0.9899193548387096,
        "f1-score": 0.9839679358717435,
        "support": 496.0
    },
    "Industrial": {
        "precision": 0.9938900203665988,
        "recall": 0.9740518962075848,
        "f1-score": 0.9838709677419355,
        "support": 501.0
    },
    "Pasture": {
        "precision": 0.9893899204244032,
        "recall": 0.9419191919191919,
        "f1-score": 0.9650711513583441,
        "support": 396.0
    },
    "PermanentCrop": {
        "precision": 0.975609756097561,
        "recall": 0.966542750929368,
        "f1-score": 0.9710550887021475,
        "support": 538.0
    },
    "Residential": {
        "precision": 0.9838709677419355,
        "recall": 0.9909747292418772,
        "f1-score": 0.987410071942446,
        "support": 554.0
    },
    "River": {
        "precision": 0.9942528735632183,
        "recall": 0.9810964083175804,
        "f1-score": 0.9876308277830638,
        "support": 529.0
    },
    "SeaLake": {
        "precision": 0.9918433931484503,
        "recall": 0.9983579638752053,
        "f1-score": 0.9950900163666121,
        "support": 609.0
    },
    "accuracy": 0.9818518518518519,
    "macro avg": {
        "precision": 0.9823186528920248,
        "recall": 0.980336081258703,
        "f1-score": 0.9812257885290936,
        "support": 5400.0
    },
    "weighted avg": {
        "precision": 0.9819735536291387,
        "recall": 0.9818518518518519,
        "f1-score": 0.9818256343431299,
        "support": 5400.0
    }
}