{
    "accuracy": 0.9818518518518519,
    "f1_macro": 0.9812257885290936,
    "precision_macro": 0.9823186528920248,
    "recall_macro": 0.980336081258703
}