{
    "AnnualCrop": {
        "precision": 0.9816971713810316,
        "recall": 0.9899328859060402,
        "f1-score": 0.985797827903091,
        "support": 596.0
    },
    "Forest": {
        "precision": 0.9902120717781403,
        "recall": 0.9983552631578947,
        "f1-score": 0.9942669942669943,
        "support": 608.0
    },
    "HerbaceousVegetation": {
        "precision": 0.9654576856649395,
        "recall": 0.9755671902268761,
        "f1-score": 0.9704861111111112,
        "support": 573.0
    },
    "Highway": {
        "precision": 0.9780876494023905,
        "recall": 0.9899193548387096,
        "f1-score": 0.9839679358717435,
        "support": 496.0
    },
    "Industrial": {
        "precision": 0.9959349593495935,
        "recall": 0.9780439121756487,
        "f1-score": 0.9869083585095669,
        "support": 501.0
    },
    "Pasture": {
        "precision": 0.9922279792746114,
        "recall": 0.9671717171717171,
        "f1-score": 0.979539641943734,
        "support": 396.0
    },
    "PermanentCrop": {
        "precision": 0.9774859287054409,
        "recall": 0.9684014869888475,
        "f1-score": 0.972922502334267,
        "support": 538.0
    },
    "Residential": {
        "precision": 0.9839285714285714,
        "recall": 0.9945848375451264,
        "f1-score": 0.9892280071813285,
        "support": 554.0
    },
    "River": {
        "precision": 0.9961464354527938,
        "recall": 0.9773156899810964,
        "f1-score": 0.9866412213740458,
        "support": 529.0
    },
    "SeaLake": {
        "precision": 0.9902439024390244,
        "recall": 1.0,
        "f1-score": 0.9950980392156863,
        "support": 609.0
    },
    "accuracy": 0.9848148148148148,
    "macro avg": {
        "precision": 0.9851422354876537,
        "recall": 0.9839292337991956,
        "f1-score": 0.9844856639711569,
        "support": 5400.0
    },
    "weighted avg": {
        "precision": 0.9848830991399152,
        "recall": 0.9848148148148148,
        "f1-score": 0.9848032955278061,
        "support": 5400.0
    }
}