{
    "accuracy": 0.9848148148148148,
    "f1_macro": 0.9844856639711569,
    "precision_macro": 0.9851422354876537,
    "recall_macro": 0.9839292337991956
}