{
    "AnnualCrop": {
        "precision": 0.9735099337748344,
        "recall": 0.98,
        "f1-score": 0.9767441860465116,
        "support": 300.0
    },
    "Forest": {
        "precision": 1.0,
        "recall": 0.9966329966329966,
        "f1-score": 0.9983136593591906,
        "support": 297.0
    },
    "HerbaceousVegetation": {
        "precision": 1.0,
        "recall": 0.9768211920529801,
        "f1-score": 0.9882747068676717,
        "support": 302.0
    },
    "Highway": {
        "precision": 0.9781818181818182,
        "recall": 1.0,
        "f1-score": 0.9889705882352942,
        "support": 269.0
    },
    "Industrial": {
        "precision": 1.0,
        "recall": 0.9883268482490273,
        "f1-score": 0.9941291585127201,
        "support": 257.0
    },
    "Pasture": {
        "precision": 0.978494623655914,
        "recall": 0.9732620320855615,
        "f1-score": 0.9758713136729222,
        "support": 187.0
    },
    "PermanentCrop": {
        "precision": 0.9728682170542635,
        "recall": 0.9881889763779528,
        "f1-score": 0.98046875,
        "support": 254.0
    },
    "Residential": {
        "precision": 0.9936708860759493,
        "recall": 1.0,
        "f1-score": 0.9968253968253968,
        "support": 314.0
    },
    "River": {
        "precision": 1.0,
        "recall": 0.9836734693877551,
        "f1-score": 0.9917695473251029,
        "support": 245.0
    },
    "SeaLake": {
        "precision": 0.9927797833935018,
        "recall": 1.0,
        "f1-score": 0.9963768115942029,
        "support": 275.0
    },
    "accuracy": 0.9892592592592593,
    "macro avg": {
        "precision": 0.988950526213628,
        "recall": 0.9886905514786273,
        "f1-score": 0.9887744118439012,
        "support": 2700.0
    },
    "weighted avg": {
        "precision": 0.989369633199948,
        "recall": 0.9892592592592593,
        "f1-score": 0.989267774494,
        "support": 2700.0
    }
}