{
    "accuracy": 0.9892592592592593,
    "f1_macro": 0.9887744118439012,
    "precision_macro": 0.988950526213628,
    "recall_macro": 0.9886905514786273
}