{
    "AnnualCrop": {
        "precision": 0.9703459637561779,
        "recall": 0.988255033557047,
        "f1-score": 0.9792186201163757,
        "support": 596.0
    },
    "Forest": {
        "precision": 0.9950738916256158,
        "recall": 0.9967105263157895,
        "f1-score": 0.9958915365653246,
        "support": 608.0
    },
    "HerbaceousVegetation": {
        "precision": 0.9570446735395189,
        "recall": 0.9720767888307156,
        "f1-score": 0.9645021645021645,
        "support": 573.0
    },
    "Highway": {
        "precision": 0.979757085020243,
        "recall": 0.9758064516129032,
        "f1-score": 0.9777777777777777,
        "support": 496.0
    },
    "Industrial": {
        "precision": 0.9859719438877755,
        "recall": 0.9820359281437125,
        "f1-score": 0.984,
        "support": 501.0
    },
    "Pasture": {
        "precision": 0.9846547314578005,
        "recall": 0.9722222222222222,
        "f1-score": 0.9783989834815756,
        "support": 396.0
    },
    "PermanentCrop": {
        "precision": 0.9807692307692307,
        "recall": 0.9479553903345725,
        "f1-score": 0.9640831758034026,
        "support": 538.0
    },
    "Residential": {
        "precision": 0.985663082437276,
        "recall": 0.9927797833935018,
        "f1-score": 0.9892086330935251,
        "support": 554.0
    },
    "River": {
        "precision": 0.981203007518797,
        "recall": 0.9867674858223062,
        "f1-score": 0.9839773798303487,
        "support": 529.0
    },
    "SeaLake": {
        "precision": 0.9967105263157895,
        "recall": 0.9950738916256158,
        "f1-score": 0.9958915365653246,
        "support": 609.0
    },
    "accuracy": 0.9816666666666667,
    "macro avg": {
        "precision": 0.9817194136328224,
        "recall": 0.9809683501858386,
        "f1-score": 0.9812949807735818,
        "support": 5400.0
    },
    "weighted avg": {
        "precision": 0.9817290269422524,
        "recall": 0.9816666666666667,
        "f1-score": 0.9816489219133111,
        "support": 5400.0
    }
}