{
    "accuracy": 0.9816666666666667,
    "f1_macro": 0.9812949807735818,
    "precision_macro": 0.9817194136328224,
    "recall_macro": 0.9809683501858386
}