{
    "accuracy": 0.985,
    "f1_macro": 0.9843653351634958,
    "precision_macro": 0.9850126820633817,
    "recall_macro": 0.9838087996111161
}